Id,CardRow,CardId,Email,Text,CreatedAt,UpdatedAt,LockedBy,LockedAt,Displayed,RowVersion,UpdatedBy,ReadAt
94429d4532a541e1a344060127c93421,8,5,vcharyanaco@gmail.com,"All Divisions except Ambala (04 BOs) and Rohtak have authrorized BOs and completed training for International Mail Booking.

Further, proposals for weiging scale procurement have been recieved from Ambala, Faridabad, Hisar and Kurukshetra.",1786609020000,1786609020000,,,1,1,vcharyanaco@gmail.com,1786609020000
1b49d29ea0774fa091d28019ad7d3888,18,15,vcharyanaco@gmail.com,BO visit plan has been shared by all the Divisions.,1786609380000,1786609380000,,,1,1,vcharyanaco@gmail.com,1786609380000
a7c9f8525d6a45179a10d30ac2066de1,21,18,vcharyanaco@gmail.com,"All divisional heads informed that they have reached out to local social media influencers and formulated strategies for increasing social media reach.

Exclusive person for social media in Division Office have been identified except Bhiwani and Gurgaon Division.",1786697092990,1786697092990,,,1,1,vcharyanaco@gmail.com,1786699067184
f1e5eaa4f0404922b690db84b5f7de90,15,12,vcharyanaco@gmail.com,All divisional heads informed that Marketing executives have been identified as per the instructions and further specific verticals have been allotted to them.,1786697225780,1786697225780,,,1,1,vcharyanaco@gmail.com,1786697258673
607cae74d9684b0fa00f4033f345e89f,16,13,vcharyanaco@gmail.com,"AD(Estt) informed that proposals were received from all the divisions but observations were made during review of such proposals. All such proposals have been sent back for correction. Further, proposals received from Rohtak Division were found correct. Further instructions are being forwarded to Rohtak Division regarding the proposals received.",1786697282859,1786697282859,,,1,1,vcharyanaco@gmail.com,1786697287681
39607bc4376444fc8988ac02dff95e24,11,8,vcharyanaco@gmail.com,All divisional heads have informed that they have further issued the instructions to the field units regarding the new target of achieving Atamnirbhar BO status.,1786698843228,1786698843228,,,1,1,vcharyanaco@gmail.com,1786698846767
